first_name,last_name,email,company,title,phone
Wen,Mensah,wen.mensah@acmerobotics.example,Acme Robotics,Office Manager,+1 555 337 8466
Zane,Mensah,zane.mensah@blueharbor.example,Blue Harbor Foods,CTO,+1 555 237 3092
Kira,Park,kira.park@cobaltfreight.example,Cobalt Freight,CTO,+1 555 805 1490
Carla,Okafor,carla.okafor@driftwood.example,Driftwood Studio,COO,+1 555 431 2356
Kira,Lindqvist,kira.lindqvist@evergreen.example,Evergreen Clinics,Founder,+1 555 266 3413
Ada,Mensah,ada.mensah@fjord.example,Fjord Analytics,Finance Director,+1 555 651 7281
Elena,Keller,elena.keller@granitelegal.example,Granite Legal,COO,+1 555 298 4675
Zane,Kowalski,zane.kowalski@halcyon.example,Halcyon Travel,Office Manager,+1 555 485 2340
Uma,Oduya,uma.oduya@ironwood.example,Ironwood Builders,Sales Engineer,+1 555 821 7982
Hiro,Keller,hiro.keller@juniper.example,Juniper Schools,Head of Operations,+1 555 557 7643
Noel,Brandt,noel.brandt@,Cobalt Freight,CFO,+1 555 201 3000
Elena,Park,elena.park@acmerobotics.example,Acme Robotics,CTO,+1 555 192 4054
Wen,Moreau,wen.moreau@blueharbor.example,Blue Harbor Foods,Sales Engineer,+1 555 287 2526
Dev,Oduya,dev.oduya@cobaltfreight.example,Cobalt Freight,COO,+1 555 667 4517
Ada,Moreau,ada.moreau@driftwood.example,Driftwood Studio,Procurement Lead,+1 555 812 4828
Yara,Silva,yara.silva@evergreen.example,Evergreen Clinics,Finance Director,+1 555 842 4335
Olga,Park,olga.park@fjord.example,Fjord Analytics,CFO,+1 555 764 1123
Rosa,Duarte,rosa.duarte@granitelegal.example,Granite Legal,Office Manager,+1 555 840 3583
Hiro,Ivanova,hiro.ivanova@halcyon.example,Halcyon Travel,Account Manager,+1 555 390 7806
Zane,Oduya,zane.oduya@ironwood.example,Ironwood Builders,Office Manager,+1 555 865 2102
Yara,Keller,yara.keller@juniper.example,Juniper Schools,Founder,+1 555 331 6975
Hiro,Park,hiro.park@acmerobotics.example,Acme Robotics,Finance Director,+1 555 990 7049
Ines,Nakamura,ines.nakamura@blueharbor.example,Blue Harbor Foods,CTO,+1 555 841 2098
Priya,Achebe,priya.achebe@cobaltfreight.example,Cobalt Freight,Finance Director,+1 555 135 3607
Ben,Oduya,ben.oduya@driftwood.example,Driftwood Studio,Office Manager,+1 555 845 4202
Ada,Keller,ada.keller@evergreen.example,Evergreen Clinics,Finance Director,+1 555 585 1024
Quinn,Achebe,quinn.achebe@fjord.example,Fjord Analytics,Account Manager,+1 555 818 4575
Dev,Rossi,dev.rossi@granitelegal.example,Granite Legal,CFO,+1 555 246 5377
Yara,Keller,yara.keller@halcyon.example,Halcyon Travel,COO,+1 555 731 4721
Luis,Lindqvist,luis.lindqvist@ironwood.example,Ironwood Builders,Account Manager,+1 555 753 5190
Priya,Nakamura,priya.nakamura@juniper.example,Juniper Schools,Sales Engineer,+1 555 946 6897
Maya,Kowalski,maya.kowalski@acmerobotics.example,Acme Robotics,COO,+1 555 648 6017
Ada,Silva,ada.silva@blueharbor.example,Blue Harbor Foods,COO,+1 555 645 1570
Grace,Ivanova,grace.ivanova@cobaltfreight.example,Cobalt Freight,Procurement Lead,+1 555 759 8903
Luis,Keller,luis.keller@driftwood.example,Driftwood Studio,Sales Engineer,+1 555 831 7208
Tom,Adler,tom.adler@nowhere.example,,Founder,+1 555 301 3000
Sami,Haddad,sami.haddad@evergreen.example,Evergreen Clinics,COO,+1 555 393 7982
Vik,Tanaka,vik.tanaka@fjord.example,Fjord Analytics,Procurement Lead,+1 555 534 2061
Yara,Park,yara.park@granitelegal.example,Granite Legal,Founder,+1 555 449 5758
Quinn,Keller,quinn.keller@halcyon.example,Halcyon Travel,Head of Operations,+1 555 195 6380
Grace,Park,grace.park@ironwood.example,Ironwood Builders,Account Manager,+1 555 351 2476
Maya,Oduya,maya.oduya@juniper.example,Juniper Schools,Finance Director,+1 555 805 2872
Ben,Kowalski,ben.kowalski@acmerobotics.example,Acme Robotics,Sales Engineer,+1 555 625 6025
Kira,Moreau,kira.moreau@blueharbor.example,Blue Harbor Foods,Procurement Lead,+1 555 473 5575
Sami,Ivanova,sami.ivanova@cobaltfreight.example,Cobalt Freight,Procurement Lead,+1 555 865 2705
Olga,Ivanova,olga.ivanova@driftwood.example,Driftwood Studio,Procurement Lead,+1 555 687 4236
Olga,Okafor,olga.okafor@evergreen.example,Evergreen Clinics,Finance Director,+1 555 908 4190
Maya,Kowalski,maya.kowalski@fjord.example,Fjord Analytics,Head of Operations,+1 555 146 2640
Carla,Park,carla.park@granitelegal.example,Granite Legal,Head of Operations,+1 555 856 9485
Sami,Novak,sami.novak@halcyon.example,Halcyon Travel,Finance Director,+1 555 527 6508
Carla,Okafor,carla.okafor@driftwood.example,Driftwood Studio,Duplicate entry,+1 555 431 2356
Grace,Oduya,grace.oduya@ironwood.example,Ironwood Builders,CFO,+1 555 684 1446
Priya,Novak,priya.novak@juniper.example,Juniper Schools,Procurement Lead,+1 555 705 8204
Sami,Tanaka,sami.tanaka@acmerobotics.example,Acme Robotics,Office Manager,+1 555 388 6336
Rosa,Achebe,rosa.achebe@blueharbor.example,Blue Harbor Foods,Finance Director,+1 555 349 6278
Jonah,Kowalski,jonah.kowalski@cobaltfreight.example,Cobalt Freight,Head of Operations,+1 555 949 9543
Maya,Ivanova,maya.ivanova@driftwood.example,Driftwood Studio,Account Manager,+1 555 608 1058
Grace,Achebe,grace.achebe@evergreen.example,Evergreen Clinics,Founder,+1 555 819 3562
Wen,Keller,wen.keller@fjord.example,Fjord Analytics,Finance Director,+1 555 242 7606
Hiro,Haddad,hiro.haddad@granitelegal.example,Granite Legal,Founder,+1 555 825 2944
Iris,Vale,iris.vale.acmerobotics.example,Acme Robotics,COO,+1 555 202 3000
Maya,Ivanova,maya.ivanova@halcyon.example,Halcyon Travel,Office Manager,+1 555 221 7930
Tara,Rossi,tara.rossi@ironwood.example,Ironwood Builders,CFO,+1 555 341 5843
Uma,Rossi,uma.rossi@juniper.example,Juniper Schools,Sales Engineer,+1 555 569 3693
Nils,Haddad,nils.haddad@acmerobotics.example,Acme Robotics,CTO,+1 555 857 7103
Yara,Silva,yara.silva@blueharbor.example,Blue Harbor Foods,Account Manager,+1 555 949 9719
Yara,Lindqvist,yara.lindqvist@cobaltfreight.example,Cobalt Freight,Founder,+1 555 744 6780
Luis,Rossi,luis.rossi@driftwood.example,Driftwood Studio,Account Manager,+1 555 140 6379
Priya,Reyes,priya.reyes@evergreen.example,Evergreen Clinics,COO,+1 555 923 7612
Sami,Oduya,sami.oduya@fjord.example,Fjord Analytics,Office Manager,+1 555 534 6790
Tara,Mensah,tara.mensah@granitelegal.example,Granite Legal,CTO,+1 555 796 1414
Sami,Lindqvist,sami.lindqvist@halcyon.example,Halcyon Travel,Head of Operations,+1 555 928 3217
Carla,Lindqvist,carla.lindqvist@ironwood.example,Ironwood Builders,Account Manager,+1 555 410 4234
Luis,Mensah,luis.mensah@juniper.example,Juniper Schools,Finance Director,+1 555 335 1664
Ada,Mensah,ada.mensah@acmerobotics.example,Acme Robotics,COO,+1 555 690 3085
Tara,Oduya,tara.oduya@blueharbor.example,Blue Harbor Foods,Office Manager,+1 555 979 8475
Wen,Oduya,wen.oduya@cobaltfreight.example,Cobalt Freight,Procurement Lead,+1 555 385 7613
Sami,Moreau,sami.moreau@driftwood.example,Driftwood Studio,Account Manager,+1 555 876 2841
Nils,Mensah,nils.mensah@evergreen.example,Evergreen Clinics,Finance Director,+1 555 303 2964
Dev,Oduya,dev.oduya@fjord.example,Fjord Analytics,Account Manager,+1 555 699 7924
Hiro,Ivanova,HIRO.IVANOVA@HALCYON.EXAMPLE,Halcyon Travel,Duplicate entry,+1 555 390 7806
Uma,Nakamura,uma.nakamura@granitelegal.example,Granite Legal,Office Manager,+1 555 631 8939
Quinn,Ivanova,quinn.ivanova@halcyon.example,Halcyon Travel,Head of Operations,+1 555 120 3356
Grace,Silva,grace.silva@ironwood.example,Ironwood Builders,Founder,+1 555 990 1011
Maya,Haddad,maya.haddad@juniper.example,Juniper Schools,Head of Operations,+1 555 676 8774
Tara,Achebe,tara.achebe@acmerobotics.example,Acme Robotics,Founder,+1 555 281 6062
Sami,Rossi,sami.rossi@blueharbor.example,Blue Harbor Foods,Account Manager,+1 555 659 7100
Quinn,Achebe,quinn.achebe@cobaltfreight.example,Cobalt Freight,Account Manager,+1 555 682 8464
Ben,Varga,ben.varga@driftwood.example,Driftwood Studio,Sales Engineer,+1 555 659 2706
Ben,Moreau,ben.moreau@evergreen.example,Evergreen Clinics,Sales Engineer,+1 555 138 6712
Uma,Rossi,uma.rossi@fjord.example,Fjord Analytics,Finance Director,+1 555 976 1561
Maya,Lindqvist,maya.lindqvist@granitelegal.example,Granite Legal,Procurement Lead,+1 555 193 4471
Sami,Rossi,sami.rossi@halcyon.example,Halcyon Travel,Office Manager,+1 555 268 8213
Kira,Duarte,kira.duarte@ironwood.example,Ironwood Builders,Procurement Lead,+1 555 876 2342
Wen,Novak,wen.novak@juniper.example,Juniper Schools,CTO,+1 555 954 6390
Sofia,Berg,sofia.berg@nowhere.example,"  ",CTO,+1 555 302 3000
Dev,Kowalski,dev.kowalski@acmerobotics.example,Acme Robotics,COO,+1 555 214 4168
Hiro,Keller,hiro.keller@blueharbor.example,Blue Harbor Foods,Founder,+1 555 727 2462
Olga,Okafor,olga.okafor@cobaltfreight.example,Cobalt Freight,CFO,+1 555 107 1879
Dev,Silva,dev.silva@driftwood.example,Driftwood Studio,Finance Director,+1 555 863 3696
Otto,Kranz,otto kranz@fjord.example,Fjord Analytics,Founder,+1 555 203 3000
Nils,Ivanova,nils.ivanova@evergreen.example,Evergreen Clinics,CFO,+1 555 399 8734
Olga,Kowalski,olga.kowalski@fjord.example,Fjord Analytics,CFO,+1 555 783 2618
Yara,Moreau,yara.moreau@granitelegal.example,Granite Legal,Founder,+1 555 274 9330
Tara,Silva,tara.silva@halcyon.example,Halcyon Travel,Founder,+1 555 835 7539
Priya,Rossi,priya.rossi@ironwood.example,Ironwood Builders,Office Manager,+1 555 486 3571
Maya,Lindqvist,maya.lindqvist@juniper.example,Juniper Schools,CFO,+1 555 108 5370
Ada,Moreau,ada.moreau@acmerobotics.example,Acme Robotics,Procurement Lead,+1 555 422 2762
Tara,Ivanova,tara.ivanova@blueharbor.example,Blue Harbor Foods,COO,+1 555 647 1065
Nils,Lindqvist,nils.lindqvist@cobaltfreight.example,Cobalt Freight,CFO,+1 555 779 9473
Sami,Ivanova," sami.ivanova@cobaltfreight.example ",Cobalt Freight,Duplicate entry,+1 555 865 2705
Farid,Park,farid.park@driftwood.example,Driftwood Studio,Finance Director,+1 555 339 6824
Farid,Tanaka,farid.tanaka@evergreen.example,Evergreen Clinics,CFO,+1 555 304 5638
Quinn,Rossi,quinn.rossi@fjord.example,Fjord Analytics,COO,+1 555 903 7606
Sami,Okafor,sami.okafor@granitelegal.example,Granite Legal,Founder,+1 555 284 3989
Kira,Rossi,kira.rossi@halcyon.example,Halcyon Travel,Founder,+1 555 628 9517
Vik,Tanaka,vik.tanaka@ironwood.example,Ironwood Builders,Head of Operations,+1 555 950 7018
Ada,Haddad,ada.haddad@juniper.example,Juniper Schools,Head of Operations,+1 555 824 4958
Uma,Ivanova,uma.ivanova@acmerobotics.example,Acme Robotics,CFO,+1 555 803 7980
Tara,Achebe,tara.achebe@blueharbor.example,Blue Harbor Foods,CFO,+1 555 727 2246
Olga,Keller,olga.keller@cobaltfreight.example,Cobalt Freight,COO,+1 555 234 2560
Wen,Moreau,wen.moreau@driftwood.example,Driftwood Studio,Account Manager,+1 555 542 1757
Vik,Moreau,vik.moreau@evergreen.example,Evergreen Clinics,CTO,+1 555 606 9427
Farid,Silva,farid.silva@fjord.example,Fjord Analytics,Office Manager,+1 555 231 9837
Hiro,Varga,hiro.varga@granitelegal.example,Granite Legal,Head of Operations,+1 555 164 1426
Quinn,Ivanova,quinn.ivanova@halcyon.example,Halcyon Travel,Duplicate entry,+1 555 120 3356
Vik,Mensah,vik.mensah@halcyon.example,Halcyon Travel,Office Manager,+1 555 394 2191
Vik,Brennan,vik.brennan@ironwood.example,Ironwood Builders,COO,+1 555 747 2616
Jonah,Moreau,jonah.moreau@juniper.example,Juniper Schools,CTO,+1 555 348 9700
Jonah,Keller,jonah.keller@acmerobotics.example,Acme Robotics,Finance Director,+1 555 341 2795
Lena,Park,lena@park,Granite Legal,Sales Engineer,+1 555 204 3000
Rosa,Keller,rosa.keller@blueharbor.example,Blue Harbor Foods,Founder,+1 555 271 1522
Farid,Rossi,farid.rossi@cobaltfreight.example,Cobalt Freight,Sales Engineer,+1 555 466 2691
Ada,Keller,ada.keller@driftwood.example,Driftwood Studio,COO,+1 555 293 6536
Jonah,Oduya,jonah.oduya@evergreen.example,Evergreen Clinics,CFO,+1 555 400 8728
Tara,Achebe,tara.achebe@fjord.example,Fjord Analytics,CTO,+1 555 813 1054
Tara,Novak,tara.novak@granitelegal.example,Granite Legal,COO,+1 555 418 3088
Ben,Okafor,ben.okafor@halcyon.example,Halcyon Travel,Head of Operations,+1 555 227 9126
Luis,Tanaka,luis.tanaka@ironwood.example,Ironwood Builders,Account Manager,+1 555 727 5381
Ines,Keller,ines.keller@juniper.example,Juniper Schools,CFO,+1 555 844 4218
Ravi,Iyer,ravi.iyer@nowhere.example,,COO,+1 555 303 3000
Tara,Mensah,tara.mensah@acmerobotics.example,Acme Robotics,Head of Operations,+1 555 464 3321
Ines,Tanaka,ines.tanaka@blueharbor.example,Blue Harbor Foods,Sales Engineer,+1 555 960 6110
Elena,Novak,elena.novak@cobaltfreight.example,Cobalt Freight,Account Manager,+1 555 160 6256
Ada,Lindqvist,ada.lindqvist@driftwood.example,Driftwood Studio,Head of Operations,+1 555 248 7158
Kira,Reyes,kira.reyes@evergreen.example,Evergreen Clinics,Head of Operations,+1 555 779 6043
Ines,Okafor,ines.okafor@fjord.example,Fjord Analytics,Founder,+1 555 513 2022
Ben,Brennan,ben.brennan@granitelegal.example,Granite Legal,CTO,+1 555 801 6117
Nils,Nakamura,nils.nakamura@halcyon.example,Halcyon Travel,Founder,+1 555 478 2895
Yara,Rossi,yara.rossi@ironwood.example,Ironwood Builders,Finance Director,+1 555 490 6881
Jonah,Keller,jonah.keller@acmerobotics.example,Acme Robotics,Duplicate entry,+1 555 341 2795
Kira,Nakamura,kira.nakamura@juniper.example,Juniper Schools,Finance Director,+1 555 816 2418
